{"cameraMode":{"drawMode":0,"name":"Shaded","section":"Shading Mode"},"sceneLighting":true,"audioPlay":false,"sceneViewState":{"showFog":true,"showMaterialUpdate":false,"showSkybox":true,"showFlares":true,"showImageEffects":true,"showParticleSystems":true,"showVisualEffectGraphs":true,"m_FxEnabled":true},"in2DMode":false,"pivot":{"x":-0.16001039743423463,"y":-11.209009170532227,"z":16.527236938476564},"rotation":{"x":-0.3300201892852783,"y":0.003140304936096072,"z":-0.0011977944523096085,"w":-0.9440202713012695},"size":15.629844665527344,"orthographic":false}